"Player","Season","Team","Offensive Archetype","Minutes","Pos","Age","LEBRON","O-LEBRON","D-LEBRON","WAR","LEBRON Contract Value","boxLEBRON","boxOLEBRON","boxDLEBRON"
"Nikola Jokic","2023-24","DEN","Post Scorer","1,584","C","28","6.56","5.38","1.18","8.60","29,852,693.00","5.97","4.82","1.15"
"Giannis Antetokounmpo","2023-24","MIL","Shot Creator","1,618","PF","29","6.16","5.10","1.06","8.50","29,280,300.00","5.33","4.62","0.70"
"Joel Embiid","2023-24","PHI","Shot Creator","1,157","C","29","5.80","4.77","1.03","5.80","20,143,002.00","6.06","5.20","0.86"
"Shai Gilgeous-Alexander","2023-24","OKC","Shot Creator","1,615","PG","25","5.70","4.68","1.01","8.00","27,794,844.00","6.36","5.29","1.07"
"Luka Doncic","2023-24","DAL","Shot Creator","1,499","PG","24","5.46","6.17","-0.72","7.30","25,111,052.00","5.32","5.90","-0.58"
"Donovan Mitchell","2023-24","CLE","Primary Ball Handler","1,283","SG","27","4.60","4.14","0.46","5.60","19,297,223.00","4.25","3.72","0.53"
"Tyrese Haliburton","2023-24","IND","Primary Ball Handler","1,158","PG","23","4.34","5.84","-1.50","4.90","16,816,864.00","4.82","5.98","-1.16"
"Anthony Davis","2023-24","LAL","Post Scorer","1,651","C","30","4.25","1.99","2.25","6.80","23,665,703.00","3.30","1.43","1.87"
"James Harden","2023-24","LAC","Shot Creator","1,401","PG","34","4.06","3.10","0.97","5.70","19,551,356.00","3.98","2.96","1.02"
"Kawhi Leonard","2023-24","LAC","Shot Creator","1,445","SF","32","3.98","3.17","0.81","5.80","19,936,050.00","3.62","2.87","0.74"
"Jayson Tatum","2023-24","BOS","Shot Creator","1,613","PF","25","3.71","3.11","0.61","6.20","21,362,286.00","4.49","3.70","0.79"
"Kyrie Irving","2023-24","DAL","Shot Creator","900","SG","31","3.62","4.02","-0.40","3.40","11,748,933.00","2.59","3.22","-0.63"
"Domantas Sabonis","2023-24","SAC","Roll + Cut Big","1,631","C","27","3.23","1.51","1.72","5.80","19,960,072.00","2.89","1.88","1.01"
"Lauri Markkanen","2023-24","UTA","Off Screen Shooter","1,267","PF","26","3.17","3.24","-0.07","4.40","15,347,879.00","2.54","3.11","-0.57"
"LeBron James","2023-24","LAL","Shot Creator","1,527","PF","39","3.11","2.93","0.18","5.30","18,318,544.00","2.58","2.42","0.16"
"Devin Booker","2023-24","PHO","Shot Creator","1,413","PG","27","3.06","4.09","-1.03","4.90","16,804,454.00","2.93","3.69","-0.76"
"Kevin Love","2023-24","MIA","Stretch Big","664","PF","35","2.96","2.18","0.78","2.20","7,756,018.00","2.19","1.58","0.61"
"Damian Lillard","2023-24","MIL","Primary Ball Handler","1,587","PG","33","2.91","3.84","-0.94","5.30","18,354,485.00","3.17","4.19","-1.03"
"Tyrese Maxey","2023-24","PHI","Primary Ball Handler","1,573","PG","23","2.89","3.85","-0.97","5.20","18,132,102.00","2.94","3.37","-0.43"
"Kevin Durant","2023-24","PHO","Shot Creator","1,529","PF","35","2.88","3.29","-0.42","5.10","17,583,554.00","2.79","2.72","0.07"
"Jalen Brunson","2023-24","NYK","Primary Ball Handler","1,641","PG","27","2.86","3.53","-0.67","5.40","18,804,128.00","3.12","3.20","-0.09"
"Derrick White","2023-24","BOS","Movement Shooter","1,412","SG","29","2.82","1.51","1.31","4.60","16,077,445.00","2.72","1.60","1.12"
"Rudy Gobert","2023-24","MIN","Roll + Cut Big","1,555","C","31","2.79","-0.49","3.28","5.10","17,598,436.00","2.90","-0.61","3.51"
"Jusuf Nurkic","2023-24","PHO","Post Scorer","1,235","C","29","2.73","0.90","1.83","4.00","13,829,283.00","2.24","0.33","1.90"
"Jonathan Isaac","2023-24","ORL","Stretch Big","423","PF","26","2.69","0.26","2.43","1.40","4,700,805.00","1.83","-0.22","2.05"
"Kristaps Porzingis","2023-24","BOS","Versatile Big","1,012","C","28","2.68","1.62","1.06","3.20","11,222,231.00","3.16","1.82","1.34"
"Paul George","2023-24","LAC","Shot Creator","1,465","PF","33","2.59","2.08","0.51","4.60","15,984,908.00","2.61","2.41","0.20"
"De'Aaron Fox","2023-24","SAC","Primary Ball Handler","1,425","PG","26","2.47","2.64","-0.17","4.40","15,168,901.00","2.40","2.75","-0.35"
"Victor Wembanyama","2023-24","SAS","Stretch Big","1,201","C","20","2.43","-0.07","2.50","3.70","12,688,678.00","2.78","0.40","2.38"
"Andre Drummond","2023-24","CHI","Roll + Cut Big","778","C","30","2.38","0.87","1.51","2.40","8,134,627.00","2.13","0.56","1.57"
"Franz Wagner","2023-24","ORL","Secondary Ball Handler","1,321","SF","22","2.30","1.20","1.10","3.90","13,594,364.00","1.09","0.78","0.31"
"Jarrett Allen","2023-24","CLE","Roll + Cut Big","1,222","C","25","2.28","0.68","1.61","3.60","12,530,918.00","2.60","0.71","1.89"
"Nic Claxton","2023-24","BRK","Roll + Cut Big","1,101","C","24","2.23","-0.34","2.57","3.20","11,160,015.00","1.74","-0.70","2.44"
"Stephen Curry","2023-24","GSW","Primary Ball Handler","1,375","PG","35","2.23","3.69","-1.45","4.00","13,935,076.00","2.43","3.73","-1.30"
"Jonas Valanciunas","2023-24","NOP","Post Scorer","1,261","C","31","2.18","1.03","1.15","3.70","12,645,561.00","2.48","0.77","1.71"
"LaMelo Ball","2023-24","CHO","Primary Ball Handler","711","PG","22","2.12","3.02","-0.90","2.00","7,046,047.00","1.49","2.52","-1.02"
"Myles Turner","2023-24","IND","Stretch Big","1,261","C","27","2.07","0.85","1.22","3.60","12,354,265.00","2.09","1.52","0.57"
"Fred VanVleet","2023-24","HOU","Primary Ball Handler","1,670","PG","29","2.04","1.19","0.86","4.70","16,268,855.00","2.16","1.42","0.75"
"Goga Bitadze","2023-24","ORL","Roll + Cut Big","809","C","24","2.04","-0.32","2.36","2.30","7,874,007.00","1.76","-0.96","2.71"
"Bam Adebayo","2023-24","MIA","Shot Creator","1,324","C","26","1.94","0.02","1.92","3.60","12,589,332.00","1.69","0.21","1.48"
"Chet Holmgren","2023-24","OKC","Stretch Big","1,444","C","21","1.93","0.15","1.77","4.00","13,698,708.00","3.47","1.04","2.43"
"Jimmy Butler","2023-24","MIA","Shot Creator","1,114","PF","34","1.89","2.08","-0.19","3.00","10,484,833.00","1.79","1.92","-0.13"
"Draymond Green","2023-24","GSW","Stretch Big","530","PF","33","1.87","-0.02","1.89","1.40","4,964,326.00","1.16","-0.26","1.42"
"Ja Morant","2023-24","MEM","Secondary Ball Handler","318","PG","24","1.77","1.88","-0.11","0.80","2,908,419.00","1.88","1.99","-0.11"
"Mike Conley","2023-24","MIN","Stationary Shooter","1,254","PG","36","1.77","1.21","0.56","3.30","11,480,876.00","2.08","1.20","0.88"
"Pascal Siakam","2023-24","TOR/IND","Shot Creator","1,581","PF","29","1.67","1.34","0.33","4.10","14,132,050.00","0.40","1.15","-0.75"
"Trae Young","2023-24","ATL","Primary Ball Handler","1,526","PG","25","1.65","3.54","-1.88","3.90","13,581,471.00","1.78","3.57","-1.79"
"Scottie Barnes","2023-24","TOR","Stationary Shooter","1,656","SG","22","1.63","0.77","0.86","4.20","14,669,777.00","1.43","0.98","0.45"
"Mark Williams","2023-24","CHO","Roll + Cut Big","508","C","22","1.39","0.28","1.11","1.20","4,237,422.00","1.01","-0.02","1.03"
"CJ McCollum","2023-24","NOP","Primary Ball Handler","1,088","PG","32","1.35","1.24","0.11","2.60","8,969,839.00","2.10","1.71","0.39"
"Jaylen Brown","2023-24","BOS","Shot Creator","1,500","SF","27","1.34","1.17","0.17","3.60","12,340,645.00","2.23","1.94","0.29"
"Anthony Edwards","2023-24","MIN","Shot Creator","1,571","SG","22","1.33","1.09","0.24","3.70","12,907,855.00","2.44","1.93","0.50"
"Julius Randle","2023-24","NYK","Shot Creator","1,630","PF","29","1.33","1.46","-0.12","3.90","13,388,534.00","2.02","1.80","0.22"
"Collin Sexton","2023-24","UTA","Primary Ball Handler","1,191","SG","25","1.28","2.92","-1.64","2.80","9,638,903.00","0.48","2.18","-1.70"
"Keegan Murray","2023-24","SAC","Movement Shooter","1,387","SF","23","1.27","0.19","1.09","3.20","11,219,072.00","0.71","0.24","0.47"
"Jamal Murray","2023-24","DEN","Shot Creator","1,112","PG","26","1.24","2.07","-0.83","2.60","8,911,372.00","2.03","2.45","-0.42"
"Alperen Sengun","2023-24","HOU","Shot Creator","1,537","C","21","1.21","0.83","0.37","3.50","12,203,811.00","2.10","1.36","0.73"
"Day'Ron Sharpe","2023-24","BRK","Roll + Cut Big","592","C","22","1.19","0.26","0.93","1.40","4,681,648.00","1.15","0.05","1.11"
"Isaiah Hartenstein","2023-24","NYK","Roll + Cut Big","1,161","C","25","1.17","-1.13","2.29","2.60","9,116,830.00","1.04","-1.33","2.37"
"Isaiah Jackson","2023-24","IND","Roll + Cut Big","483","C","22","1.16","-0.62","1.78","1.10","3,784,448.00","1.43","-0.38","1.82"
"Jakob Poeltl","2023-24","TOR","Roll + Cut Big","955","C","28","1.15","-1.18","2.33","2.20","7,456,088.00","0.35","-1.21","1.57"
"Karl-Anthony Towns","2023-24","MIN","Stretch Big","1,561","PF","28","1.13","0.45","0.67","3.50","12,134,922.00","2.21","1.02","1.20"
"Max Strus","2023-24","CLE","Movement Shooter","1,488","SF","27","1.10","0.21","0.90","3.30","11,486,995.00","0.85","-0.30","1.15"
"De'Anthony Melton","2023-24","PHI","Secondary Ball Handler","959","SG","25","1.05","0.34","0.71","2.10","7,301,657.00","0.77","0.15","0.63"
"Brook Lopez","2023-24","MIL","Stretch Big","1,531","C","35","1.02","-0.46","1.48","3.30","11,525,510.00","1.79","0.17","1.62"
"Payton Pritchard","2023-24","BOS","Movement Shooter","1,006","PG","26","1.02","1.69","-0.68","2.20","7,578,919.00","0.20","1.02","-0.82"
"Chris Paul","2023-24","GSW","Primary Ball Handler","882","PG","38","0.98","0.89","0.09","1.90","6,578,523.00","1.16","0.80","0.36"
"Clint Capela","2023-24","ATL","Roll + Cut Big","1,163","C","29","0.94","0.06","0.89","2.50","8,574,622.00","0.83","-0.02","0.85"
"Aaron Gordon","2023-24","DEN","Shot Creator","1,378","PF","28","0.93","0.25","0.68","2.90","10,127,494.00","0.34","0.11","0.23"
"Bogdan Bogdanovic","2023-24","ATL","Movement Shooter","1,280","SG","31","0.93","1.71","-0.78","2.70","9,391,507.00","-0.29","1.09","-1.38"
"Jared Butler","2023-24","WAS","Shot Creator","128","SG","23","0.93","0.83","0.10","0.30","941,120.00","0.44","0.60","-0.17"
"Donte DiVincenzo","2023-24","NYK","Movement Shooter","1,106","SG","27","0.92","0.86","0.06","2.30","8,103,441.00","1.69","1.30","0.39"
"Khris Middleton","2023-24","MIL","Shot Creator","1,083","SF","32","0.92","1.74","-0.83","2.30","7,920,745.00","1.44","1.68","-0.24"
"Brandon Ingram","2023-24","NOP","Shot Creator","1,457","SF","26","0.90","0.99","-0.08","3.10","10,624,739.00","1.51","1.48","0.03"
"Paolo Banchero","2023-24","ORL","Shot Creator","1,674","PF","21","0.90","0.39","0.51","3.50","12,204,256.00","1.33","0.69","0.64"
"Sandro Mamukelashvili","2023-24","SAS","Stretch Big","177","C","24","0.88","-0.07","0.96","0.40","1,284,836.00","0.59","0.10","0.49"
"Spencer Dinwiddie","2023-24","BRK","Shot Creator","1,374","PG","30","0.88","1.34","-0.45","2.90","9,959,519.00","0.80","1.13","-0.33"
"Jaren Jackson Jr.","2023-24","MEM","Shot Creator","1,428","C","24","0.86","-0.39","1.26","3.00","10,286,286.00","0.38","-0.50","0.88"
"Tobias Harris","2023-24","PHI","Shot Creator","1,456","PF","31","0.84","0.87","-0.03","3.00","10,402,917.00","1.08","0.75","0.33"
"Alex Caruso","2023-24","CHI","Stationary Shooter","1,110","SG","29","0.82","-1.17","1.99","2.30","7,884,044.00","0.25","-0.87","1.12"
"Dario Saric","2023-24","GSW","Stretch Big","903","C","29","0.82","0.67","0.15","1.90","6,421,344.00","0.67","0.76","-0.09"
"T.J. McConnell","2023-24","IND","Primary Ball Handler","646","PG","31","0.82","0.84","-0.02","1.30","4,594,608.00","0.94","1.50","-0.56"
"Trayce Jackson-Davis","2023-24","GSW","Roll + Cut Big","466","PF","23","0.80","-0.08","0.88","1.00","3,295,517.00","0.80","-0.41","1.21"
"Cameron Johnson","2023-24","BRK","Stationary Shooter","1,079","PF","27","0.76","1.24","-0.48","2.20","7,531,224.00","0.04","0.43","-0.39"
"Kevin Huerter","2023-24","SAC","Movement Shooter","1,094","SG","25","0.73","0.15","0.58","2.20","7,573,244.00","0.78","0.33","0.45"
"Ivica Zubac","2023-24","LAC","Roll + Cut Big","1,030","C","26","0.71","-0.41","1.12","2.00","7,074,318.00","1.26","0.00","1.26"
"DeMar DeRozan","2023-24","CHI","Shot Creator","1,754","SF","34","0.70","0.90","-0.20","3.50","12,009,842.00","1.02","0.94","0.08"
"Walker Kessler","2023-24","UTA","Roll + Cut Big","955","C","22","0.68","-1.36","2.03","1.90","6,492,886.00","1.01","-1.69","2.70"
"Alex Len","2023-24","SAC","Roll + Cut Big","149","C","30","0.66","-0.42","1.08","0.30","1,009,169.00","0.09","-0.64","0.73"
"Jalen Smith","2023-24","IND","Stretch Big","615","C","23","0.61","0.45","0.16","1.20","4,099,394.00","0.23","0.60","-0.38"
"Mitchell Robinson","2023-24","NYK","Roll + Cut Big","613","C","25","0.61","-1.36","1.97","1.20","4,080,631.00","0.40","-1.40","1.80"
"Russell Westbrook","2023-24","LAC","Shot Creator","1,056","PG","35","0.58","0.87","-0.29","2.00","6,956,610.00","0.80","0.83","-0.03"
"Paul Reed","2023-24","PHI","Roll + Cut Big","737","C","24","0.57","-0.38","0.94","1.40","4,833,232.00","-0.24","-1.10","0.86"
"Dean Wade","2023-24","CLE","Stationary Shooter","832","PF","27","0.56","-1.19","1.75","1.60","5,443,623.00","-0.20","-1.53","1.34"
"Nikola Vucevic","2023-24","CHI","Post Scorer","1,490","C","33","0.53","0.29","0.24","2.80","9,659,466.00","0.62","0.09","0.53"
"Amen Thompson","2023-24","HOU","Athletic Finisher","458","SF","21","0.52","-0.65","1.17","0.90","2,963,648.00","-0.26","-1.16","0.90"
"Dyson Daniels","2023-24","NOP","Stationary Shooter","1,048","PG","20","0.52","-0.79","1.32","2.00","6,773,937.00","-0.39","-1.36","0.98"
"Dereck Lively II","2023-24","DAL","Roll + Cut Big","935","C","19","0.50","-0.88","1.38","1.70","5,995,410.00","0.16","-1.24","1.40"
"Kevon Looney","2023-24","GSW","Roll + Cut Big","858","C","27","0.49","-0.63","1.12","1.60","5,487,810.00","0.42","-0.69","1.12"
"Evan Mobley","2023-24","CLE","Roll + Cut Big","748","PF","22","0.47","-0.80","1.27","1.40","4,754,371.00","1.41","-0.60","2.00"
"Malik Monk","2023-24","SAC","Secondary Ball Handler","1,140","SG","25","0.47","0.85","-0.38","2.10","7,240,895.00","0.43","1.06","-0.63"
"Jalen Johnson","2023-24","ATL","Athletic Finisher","1,088","SF","22","0.46","-0.70","1.16","2.00","6,877,928.00","0.15","-0.75","0.91"
"Nikola Jovic","2023-24","MIA","Athletic Finisher","317","PF","20","0.45","-0.83","1.27","0.60","2,000,950.00","-0.38","-1.29","0.91"
"Daniel Gafford","2023-24","WAS","Roll + Cut Big","1,100","C","25","0.43","-0.90","1.33","2.00","6,895,246.00","0.50","-1.16","1.66"
"Desmond Bane","2023-24","MEM","Primary Ball Handler","1,277","SG","25","0.43","1.40","-0.97","2.30","7,997,420.00","0.30","0.87","-0.57"
"Immanuel Quickley","2023-24","NYK/TOR","Secondary Ball Handler","1,102","SG","24","0.40","0.77","-0.37","2.00","6,843,724.00","0.32","0.99","-0.67"
"Michael Porter Jr.","2023-24","DEN","Movement Shooter","1,544","SF","25","0.38","0.65","-0.27","2.80","9,518,912.00","0.59","0.25","0.34"
"Devonte' Graham","2023-24","SAS","Secondary Ball Handler","88","PG","28","0.37","0.03","0.33","0.20","536,554.00","0.05","-0.11","0.16"
"Ryan Rollins","2023-24","WAS","Slasher","66","PG","21","0.37","-0.05","0.41","0.10","403,576.00","-0.12","-0.19","0.07"
"Malcolm Cazalon","2023-24","DET","Low Minute","3","SG","22","0.35","0.02","0.33","0.00","15,748.00","0.30","0.00","0.30"
"Herbert Jones","2023-24","NOP","Stationary Shooter","1,253","SF","25","0.34","-0.72","1.06","2.20","7,607,539.00","0.38","-0.76","1.14"
"Jaylin Williams","2023-24","OKC","Stretch Big","482","C","21","0.33","-0.63","0.95","0.80","2,908,580.00","-0.13","-0.84","0.71"
"Mikal Bridges","2023-24","BRK","Secondary Ball Handler","1,655","SF","27","0.30","1.26","-0.97","2.90","9,890,716.00","-0.02","0.70","-0.72"
"Ben Simmons","2023-24","BRK","Shot Creator","209","PG","27","0.29","-0.39","0.67","0.40","1,243,732.00","0.26","-0.47","0.73"
"Eugene Omoruyi","2023-24","WAS","Stretch Big","110","SF","26","0.29","0.16","0.13","0.20","653,120.00","-0.21","0.02","-0.23"
"Moritz Wagner","2023-24","ORL","Roll + Cut Big","874","C","0","0.29","0.53","-0.25","1.50","5,202,657.00","0.16","0.28","-0.12"
"Dejounte Murray","2023-24","ATL","Primary Ball Handler","1,600","SG","27","0.27","1.27","-1.00","2.70","9,460,078.00","-0.03","1.08","-1.10"
"Jalen Williams","2023-24","OKC","Primary Ball Handler","1,405","PF","22","0.26","0.23","0.03","2.40","8,291,851.00","1.30","1.00","0.30"
"Xavier Tillman","2023-24","MEM","Roll + Cut Big","700","C","25","0.26","-1.70","1.96","1.20","4,123,820.00","-0.40","-2.10","1.70"
"Cam Whitmore","2023-24","HOU","Movement Shooter","397","SF","19","0.25","0.79","-0.54","0.70","2,332,626.00","0.01","0.61","-0.61"
"Josh Okogie","2023-24","PHO","Athletic Finisher","767","SG","25","0.25","-0.31","0.56","1.30","4,507,939.00","-0.62","-0.90","0.28"
"Jrue Holiday","2023-24","BOS","Stationary Shooter","1,480","PG","33","0.25","-0.08","0.33","2.50","8,701,312.00","1.29","0.46","0.83"
"Sam Hauser","2023-24","BOS","Movement Shooter","1,017","SF","26","0.25","0.61","-0.36","1.70","5,981,381.00","-0.59","-0.17","-0.43"
"Monte Morris","2023-24","DET","Stationary Shooter","49","PG","28","0.24","-0.04","0.28","0.10","288,003.00","0.19","-0.09","0.28"
"Wendell Carter Jr.","2023-24","ORL","Stretch Big","560","C","24","0.24","-0.87","1.11","0.90","3,285,541.00","0.01","-0.49","0.50"
"Duop Reath","2023-24","POR","Stretch Big","633","C","27","0.20","0.33","-0.12","1.10","3,655,063.00","-0.58","-0.26","-0.32"
"Grayson Allen","2023-24","PHO","Stationary Shooter","1,386","SG","28","0.18","0.17","0.01","2.30","7,936,849.00","-0.01","-0.15","0.14"
"Jared Rhoden","2023-24","DET","Low Minute","30","SG","24","0.18","-0.18","0.36","0.00","170,010.00","0.14","-0.14","0.28"
"Josh Hart","2023-24","NYK","Stationary Shooter","1,349","SF","28","0.18","-0.96","1.14","2.20","7,718,303.00","-0.35","-1.51","1.16"
"Buddy Hield","2023-24","IND","Movement Shooter","1,243","SF","31","0.17","0.51","-0.34","2.00","7,090,746.00","-0.24","1.00","-1.23"
"Jose Alvarado","2023-24","NOP","Movement Shooter","480","PG","25","0.17","0.06","0.11","0.80","2,743,117.00","0.05","-0.10","0.15"
"Sam Merrill","2023-24","CLE","Off Screen Shooter","489","SG","27","0.15","1.65","-1.50","0.80","2,767,459.00","0.45","1.79","-1.34"
"Charles Bassey","2023-24","SAS","Roll + Cut Big","205","C","23","0.14","-1.46","1.60","0.30","1,159,225.00","0.34","-1.28","1.62"
"Tari Eason","2023-24","HOU","Athletic Finisher","480","PF","22","0.12","-0.68","0.80","0.80","2,685,803.00","0.22","-0.92","1.14"
"Kyle Lowry","2023-24","MIA","Movement Shooter","1,037","PG","37","0.11","-1.49","1.60","1.70","5,786,473.00","-0.39","-1.28","0.90"
"Trey Murphy III","2023-24","NOP","Movement Shooter","595","SF","23","0.10","0.74","-0.64","1.00","3,298,636.00","0.24","0.91","-0.66"
"Amari Bailey","2023-24","CHO","Low Minute","11","PG","19","0.09","-0.24","0.33","0.00","58,460.00","0.11","-0.25","0.36"
"Caris LeVert","2023-24","CLE","Secondary Ball Handler","995","SG","29","0.09","0.61","-0.52","1.60","5,495,713.00","0.59","0.67","-0.07"
"Jalen Suggs","2023-24","ORL","Stationary Shooter","1,164","SG","22","0.09","-1.18","1.28","1.90","6,438,668.00","0.18","-0.93","1.11"
"Kris Dunn","2023-24","UTA","Secondary Ball Handler","717","PG","29","0.08","-0.54","0.62","1.10","3,958,098.00","-0.16","-0.98","0.82"
"John Collins","2023-24","UTA","Stretch Big","1,243","PF","26","0.07","-0.23","0.30","2.00","6,820,538.00","-0.09","-0.36","0.27"
"Mamadi Diakite","2023-24","SAS","Low Minute","16","PF","27","0.06","-0.18","0.25","0.00","87,267.00","0.01","-0.17","0.19"
"Anfernee Simons","2023-24","POR","Shot Creator","873","SG","24","0.02","1.84","-1.82","1.40","4,703,052.00","-0.39","1.35","-1.74"
"Jerome Robinson","2023-24","GSW","Low Minute","26","SG","26","0.02","-0.27","0.29","0.00","141,342.00","-0.11","-0.34","0.23"
"Brandin Podziemski","2023-24","GSW","Stationary Shooter","946","SG","20","0.01","0.04","-0.03","1.50","5,069,912.00","-0.62","-0.40","-0.22"
"Naz Reid","2023-24","MIN","Stationary Shooter","1,075","C","24","0.01","-0.58","0.59","1.70","5,768,176.00","0.35","-0.17","0.52"
"D'Angelo Russell","2023-24","LAL","Primary Ball Handler","1,382","PG","27","0.00","0.86","-0.85","2.10","7,381,100.00","0.03","0.69","-0.66"
"Caleb Martin","2023-24","MIA","Stationary Shooter","814","SF","28","-1.00","-1.21","0.21","0.70","2,587,219.00","-1.53","-1.46","-0.06"
"DeAndre Jordan","2023-24","DEN","Roll + Cut Big","293","C","35","-1.00","-1.35","0.35","0.30","930,914.00","-0.59","-1.33","0.74"
"Johnny Davis","2023-24","WAS","Athletic Finisher","163","SG","21","-1.00","-1.21","0.21","0.10","516,245.00","-1.53","-1.27","-0.25"
"Jontay Porter","2023-24","TOR","Stretch Big","200","PF","24","-0.01","-0.73","0.72","0.30","1,062,240.00","0.30","-0.41","0.71"
"Darius Garland","2023-24","CLE","Primary Ball Handler","700","PG","24","-0.02","0.77","-0.79","1.10","3,704,720.00","0.53","0.96","-0.42"
"Frank Ntilikina","2023-24","CHO","Low Minute","43","PG","25","-0.03","-0.31","0.28","0.10","226,396.00","-0.08","-0.44","0.37"
"Klay Thompson","2023-24","GSW","Off Screen Shooter","1,298","SF","33","-0.03","0.92","-0.94","2.00","6,848,625.00","-0.02","0.93","-0.95"
"Dwight Powell","2023-24","DAL","Roll + Cut Big","639","C","32","-0.04","-0.56","0.53","1.00","3,361,891.00","-0.75","-1.08","0.33"
"Jordan Goodwin","2023-24","PHO","Stationary Shooter","549","PG","0","-0.04","0.45","-0.49","0.80","2,877,893.00","-0.37","0.14","-0.51"
"Jules Bernard","2023-24","WAS","Low Minute","21","SG","24","-0.04","0.01","-0.04","0.00","110,297.00","-0.24","-0.10","-0.14"
"Malcolm Brogdon","2023-24","POR","Primary Ball Handler","1,085","PG","31","-0.05","1.07","-1.12","1.60","5,661,522.00","-0.62","0.59","-1.20"
"Robert Williams III","2023-24","POR","Roll + Cut Big","119","C","26","-0.05","-0.76","0.71","0.20","619,727.00","0.00","-0.84","0.84"
"Sidy Cissoko","2023-24","SAS","Low Minute","32","SF","19","-0.05","-0.40","0.35","0.00","164,802.00","-0.15","-0.36","0.22"
"Usman Garuba","2023-24","GSW","Low Minute","6","PF","21","-0.05","-0.30","0.25","0.00","31,576.00","-0.04","-0.28","0.24"
"Mo Bamba","2023-24","PHI","Roll + Cut Big","233","C","25","-0.06","-0.44","0.38","0.40","1,211,606.00","-0.17","-0.68","0.51"
"Patrick Baldwin Jr.","2023-24","WAS","Stretch Big","116","SF","21","-0.06","-0.29","0.23","0.20","606,221.00","-0.43","-0.44","0.01"
"Taze Moore","2023-24","POR","Low Minute","10","SG","0","-0.06","-0.21","0.14","0.00","52,934.00","-0.09","-0.23","0.14"
"Hamidou Diallo","2023-24","WAS","Low Minute","5","SG","25","-0.07","0.00","-0.06","0.00","24,645.00","-0.16","-0.05","-0.10"
"Jordan Ford","2023-24","SAC","Low Minute","22","PG","25","-0.07","-0.36","0.29","0.00","113,009.00","-0.20","-0.35","0.16"
"Jordan McLaughlin","2023-24","MIN","Movement Shooter","249","PG","27","-0.07","-0.16","0.09","0.40","1,294,493.00","-0.25","-0.03","-0.22"
"Orlando Robinson","2023-24","MIA","Roll + Cut Big","229","C","23","-0.07","-1.16","1.09","0.30","1,188,776.00","-0.11","-0.86","0.75"
"Zion Williamson","2023-24","NOP","Shot Creator","1,151","PF","23","-0.09","1.18","-1.28","1.70","5,913,116.00","1.36","1.58","-0.22"
"Gui Santos","2023-24","GSW","Low Minute","35","PF","21","-0.10","-0.34","0.24","0.10","178,295.00","-0.14","-0.34","0.20"
"Delon Wright","2023-24","WAS","Secondary Ball Handler","406","PG","31","-0.11","-0.76","0.66","0.60","2,070,763.00","-0.07","-0.52","0.45"
"Dominick Barlow","2023-24","SAS","Athletic Finisher","295","PF","20","-0.11","-0.88","0.77","0.40","1,501,816.00","-0.34","-1.24","0.90"
"Al Horford","2023-24","BOS","Stretch Big","1,056","C","37","-0.12","-1.32","1.20","1.50","5,362,151.00","0.74","-0.44","1.18"
"Johnny Juzang","2023-24","UTA","Low Minute","4","SG","22","-0.12","-0.16","0.04","0.00","22,138.00","-0.13","-0.16","0.03"
"James Bouknight","2023-24","CHO","Secondary Ball Handler","73","SG","23","-0.15","-0.40","0.25","0.10","366,038.00","-0.02","-0.20","0.18"
"Marcus Smart","2023-24","MEM","Secondary Ball Handler","605","PG","29","-0.15","-0.88","0.73","0.90","3,025,177.00","-0.73","-1.05","0.33"
"Moses Brown","2023-24","POR","Roll + Cut Big","82","C","24","-0.15","-0.61","0.46","0.10","412,195.00","-0.28","-0.64","0.36"
"Trey Jemison","2023-24","WAS","Low Minute","1","C","24","-0.16","-0.08","-0.08","0.00","7,403.00","-0.14","-0.04","-0.10"
"Adama Sanogo","2023-24","CHI","Low Minute","11","PF","21","-0.17","-0.21","0.04","0.00","52,741.00","-0.29","-0.16","-0.12"
"Isaac Okoro","2023-24","CLE","Stationary Shooter","955","SF","23","-0.17","-0.94","0.76","1.40","4,731,790.00","-0.66","-1.12","0.46"
"Luke Kornet","2023-24","BOS","Roll + Cut Big","499","C","28","-0.17","-0.60","0.43","0.70","2,481,298.00","-0.14","-0.87","0.73"
"Aaron Nesmith","2023-24","IND","Movement Shooter","1,143","SF","24","-0.18","-0.36","0.18","1.60","5,658,040.00","-0.51","0.08","-0.59"
"GG Jackson","2023-24","MEM","Stationary Shooter","233","PF","19","-0.18","-0.38","0.20","0.30","1,150,293.00","-0.40","-0.46","0.06"
"Jarace Walker","2023-24","IND","Stationary Shooter","165","PF","20","-0.18","0.01","-0.19","0.20","811,907.00","-0.55","-0.09","-0.46"
"Micah Potter","2023-24","UTA","Low Minute","7","PF","0","-0.18","-0.22","0.04","0.00","35,872.00","-0.15","-0.19","0.05"
"Talen Horton-Tucker","2023-24","UTA","Primary Ball Handler","675","PG","23","-0.20","0.27","-0.47","1.00","3,306,683.00","0.08","0.39","-0.31"
"Anthony Gill","2023-24","WAS","Athletic Finisher","156","PF","31","-0.21","-0.62","0.41","0.20","761,173.00","-0.81","-0.78","-0.04"
"Brice Sensabaugh","2023-24","UTA","Low Minute","12","SF","20","-0.21","-0.22","0.01","0.00","56,263.00","-0.16","-0.18","0.03"
"Cole Anthony","2023-24","ORL","Primary Ball Handler","1,119","PG","23","-0.21","0.00","-0.20","1.60","5,461,690.00","0.08","-0.05","0.13"
"Craig Porter Jr.","2023-24","CLE","Secondary Ball Handler","462","PG","23","-0.21","-0.61","0.40","0.70","2,254,497.00","0.33","-0.14","0.47"
"Dante Exum","2023-24","DAL","Stationary Shooter","631","PG","28","-0.21","0.26","-0.47","0.90","3,085,239.00","-0.64","-0.14","-0.51"
"Cole Swider","2023-24","MIA","Low Minute","44","SF","24","-0.22","-0.34","0.11","0.10","214,145.00","-0.40","-0.37","-0.03"
"Oscar Tshiebwe","2023-24","IND","Low Minute","34","PF","24","-0.23","0.04","-0.28","0.00","165,281.00","-0.70","-0.14","-0.56"
"Ish Wainright","2023-24","POR","Low Minute","46","SF","29","-0.24","-0.59","0.35","0.10","221,160.00","-0.23","-0.40","0.16"
"Keon Ellis","2023-24","SAC","Stationary Shooter","342","SG","24","-0.24","-1.08","0.84","0.50","1,645,672.00","-0.51","-1.23","0.72"
"Moses Moody","2023-24","GSW","Athletic Finisher","609","SG","21","-0.24","-0.45","0.21","0.80","2,929,269.00","-0.71","-0.38","-0.32"
"Onuralp Bitim","2023-24","CHI","Low Minute","3","SG","24","-0.25","-0.13","-0.12","0.00","15,260.00","-0.26","-0.13","-0.13"
"RJ Barrett","2023-24","NYK/TOR","Stationary Shooter","1,204","SG","23","-0.25","0.15","-0.40","1.70","5,763,098.00","0.29","0.51","-0.21"
"Gary Payton II","2023-24","GSW","Stretch Big","261","SG","31","-0.26","-1.12","0.86","0.40","1,248,838.00","-0.71","-1.26","0.55"
"Kentavious Caldwell-Pope","2023-24","DEN","Movement Shooter","1,522","SG","30","-0.26","-1.16","0.90","2.10","7,257,187.00","-0.72","-1.39","0.67"
"Lester Quinones","2023-24","GSW","Movement Shooter","69","SG","23","-0.26","-0.40","0.14","0.10","326,618.00","-0.41","-0.56","0.15"
"Saben Lee","2023-24","PHO","Secondary Ball Handler","75","PG","24","-0.28","-0.05","-0.23","0.10","355,430.00","-0.52","-0.13","-0.39"
"Chris Boucher","2023-24","TOR","Stretch Big","618","PF","31","-0.29","-0.29","0.00","0.80","2,902,724.00","-0.50","-0.70","0.20"
"Isaiah Mobley","2023-24","CLE","Low Minute","14","PF","24","-0.29","-0.05","-0.24","0.00","66,873.00","-0.37","-0.03","-0.34"
"Kobe Bufkin","2023-24","ATL","Low Minute","6","SG","20","-0.29","-0.48","0.20","0.00","29,633.00","-0.26","-0.42","0.16"
"Kevon Harris","2023-24","ORL","Low Minute","3","SG","26","-0.30","-0.07","-0.23","0.00","15,045.00","-0.28","-0.07","-0.21"
"Olivier-Maxence Prosper","2023-24","DAL","Stationary Shooter","239","PF","21","-0.30","-0.03","-0.26","0.30","1,121,248.00","-0.69","-0.37","-0.32"
"Dennis Schroder","2023-24","TOR","Primary Ball Handler","1,456","PG","30","-0.31","0.58","-0.89","2.00","6,792,788.00","-0.74","0.18","-0.92"
"Jalen Slawson","2023-24","SAC","Low Minute","19","SF","24","-0.31","-0.47","0.16","0.00","87,130.00","-0.18","-0.39","0.21"
"Juan Toscano-Anderson","2023-24","SAC","Stretch Big","53","SF","30","-0.31","-0.70","0.39","0.10","245,327.00","-0.41","-0.65","0.23"
"Mouhamed Gueye","2023-24","ATL","Low Minute","4","PF","21","-0.31","-0.50","0.19","0.00","20,471.00","-0.27","-0.43","0.17"
"Jalen Duren","2023-24","DET","Roll + Cut Big","957","C","20","-0.33","-0.59","0.26","1.30","4,422,097.00","-0.44","-0.87","0.43"
"Kessler Edwards","2023-24","SAC","Athletic Finisher","146","SF","23","-0.33","-0.84","0.51","0.20","676,652.00","-0.64","-0.78","0.14"
"Scotty Pippen Jr.","2023-24","MEM","Secondary Ball Handler","78","PG","23","-0.33","-0.42","0.09","0.10","362,372.00","-0.36","-0.41","0.05"
"Shaquille Harrison","2023-24","MEM","Low Minute","6","SG","30","-0.34","-0.38","0.04","0.00","27,447.00","-0.24","-0.26","0.02"
"Rayan Rupert","2023-24","POR","Stationary Shooter","119","SG","19","-0.35","-0.49","0.14","0.20","541,994.00","-0.55","-0.46","-0.09"
"Dexter Dennis","2023-24","DAL","Low Minute","30","SG","24","-0.36","-0.20","-0.16","0.00","136,063.00","-0.37","-0.20","-0.17"
"Tyler Herro","2023-24","MIA","Secondary Ball Handler","985","SG","24","-0.36","0.18","-0.53","1.30","4,495,676.00","0.15","0.60","-0.45"
"Bobby Portis","2023-24","MIL","Post Scorer","1,118","PF","28","-0.37","0.04","-0.41","1.50","5,073,722.00","-0.02","0.10","-0.12"
"Duncan Robinson","2023-24","MIA","Movement Shooter","1,238","SF","29","-0.37","0.09","-0.46","1.60","5,605,213.00","-1.26","-0.44","-0.82"
"Neemias Queta","2023-24","BOS","Roll + Cut Big","247","C","24","-0.37","-0.43","0.07","0.30","1,121,375.00","-0.83","-0.97","0.14"
"Bruno Fernando","2023-24","ATL","Roll + Cut Big","84","C","25","-0.38","-1.02","0.64","0.10","379,334.00","-0.45","-0.86","0.41"
"Luka Samanic","2023-24","UTA","Stretch Big","134","PF","24","-0.38","-0.44","0.06","0.20","604,846.00","-0.36","-0.47","0.11"
"JaVale McGee","2023-24","SAC","Roll + Cut Big","295","C","36","-0.40","-1.35","0.95","0.40","1,317,965.00","0.43","-0.92","1.35"
"Jett Howard","2023-24","ORL","Low Minute","42","SF","20","-0.40","-0.26","-0.14","0.10","186,233.00","-0.44","-0.15","-0.28"
"Zach LaVine","2023-24","CHI","Secondary Ball Handler","872","SG","28","-0.40","0.11","-0.51","1.10","3,899,935.00","0.09","0.33","-0.23"
"Austin Reaves","2023-24","LAL","Primary Ball Handler","1,499","SG","25","-0.41","0.56","-0.97","1.90","6,674,939.00","-0.71","0.12","-0.82"
"Jamaree Bouyea","2023-24","POR","Secondary Ball Handler","57","PG","24","-0.41","-0.68","0.27","0.10","254,731.00","-0.44","-0.51","0.07"
"Pete Nance","2023-24","CLE","Low Minute","4","PF","23","-0.41","-0.09","-0.32","0.00","18,413.00","-0.37","-0.02","-0.35"
"Jamal Cain","2023-24","MIA","Stretch Big","209","PF","24","-0.42","-0.73","0.31","0.30","921,384.00","-0.89","-0.92","0.03"
"Kenneth Lofton Jr.","2023-24","MEM/PHI","Post Scorer","102","PF","21","-0.43","-0.69","0.26","0.10","451,015.00","-0.54","-0.64","0.10"
"Matt Hurt","2023-24","MEM","Low Minute","23","PF","23","-0.43","-0.39","-0.03","0.00","103,405.00","-0.35","-0.34","-0.01"
"Dru Smith","2023-24","MIA","Secondary Ball Handler","131","SG","26","-0.44","-0.75","0.31","0.20","572,981.00","-0.70","-0.80","0.10"
"Jaime Jaquez Jr.","2023-24","MIA","Slasher","1,253","SF","22","-0.44","-0.36","-0.08","1.60","5,476,925.00","-1.84","-1.53","-0.30"
"Ty Jerome","2023-24","CLE","Low Minute","15","SG","26","-0.44","-0.06","-0.38","0.00","65,005.00","-0.41","-0.06","-0.35"
"James Johnson","2023-24","IND","Low Minute","24","PF","36","-0.45","-0.07","-0.38","0.00","105,939.00","-0.66","-0.17","-0.49"
"John Konchar","2023-24","MEM","Athletic Finisher","669","SF","0","-0.45","-2.53","2.07","0.80","2,912,616.00","-0.86","-2.59","1.73"
"Isaiah Joe","2023-24","OKC","Movement Shooter","883","SG","24","-0.47","0.03","-0.50","1.10","3,811,176.00","-0.61","0.11","-0.73"
"Brandon Williams","2023-24","DAL","Low Minute","43","PG","24","-0.48","-0.21","-0.27","0.10","186,264.00","-0.40","-0.21","-0.18"
"Markquis Nowell","2023-24","TOR","Low Minute","4","SG","24","-0.48","-0.45","-0.03","0.00","15,138.00","-0.57","-0.47","-0.09"
"Filip Petrusev","2023-24","PHI/SAC","Low Minute","9","C","23","-0.49","-0.35","-0.14","0.00","39,709.00","-0.48","-0.33","-0.15"
"Larry Nance Jr.","2023-24","NOP","Stretch Big","551","C","31","-0.50","-1.86","1.37","0.70","2,348,884.00","-0.10","-1.31","1.21"
"Patrick Beverley","2023-24","PHI","Primary Ball Handler","837","PG","35","-0.50","-0.33","-0.18","1.00","3,557,053.00","-0.97","-0.91","-0.06"
"Marques Bolden","2023-24","MIL","Low Minute","3","C","25","-0.53","-0.06","-0.47","0.00","12,327.00","-0.53","-0.04","-0.48"
"Coby White","2023-24","CHI","Movement Shooter","1,764","PG","23","-0.54","0.73","-1.28","2.10","7,340,041.00","-0.14","0.44","-0.59"
"Evan Fournier","2023-24","NYK","Low Minute","39","SG","31","-0.54","-0.34","-0.21","0.00","160,772.00","-0.77","-0.44","-0.34"
"Greg Brown III","2023-24","DAL","Low Minute","40","PF","22","-0.55","-0.42","-0.13","0.00","164,308.00","-0.45","-0.39","-0.06"
"Garrett Temple","2023-24","TOR","Athletic Finisher","50","SG","37","-0.56","-0.61","0.05","0.10","206,573.00","-0.79","-0.66","-0.13"
"Jordan Nwora","2023-24","IND/TOR","Stationary Shooter","244","SF","25","-0.56","0.16","-0.72","0.30","1,009,656.00","-0.89","-0.18","-0.71"
"Robert Covington","2023-24","LAC/PHI","Stretch Big","488","SF","33","-0.56","-1.62","1.06","0.60","2,018,530.00","-0.54","-1.46","0.93"
"Kendall Brown","2023-24","IND","Low Minute","18","SG","20","-0.57","-0.15","-0.41","0.00","75,742.00","-0.68","-0.14","-0.54"
"Leaky Black","2023-24","CHO","Stationary Shooter","113","SF","24","-0.57","-1.01","0.44","0.10","461,569.00","-0.36","-0.98","0.63"
"Colin Castleton","2023-24","LAL","Low Minute","32","C","23","-0.58","-0.37","-0.21","0.00","131,163.00","-0.56","-0.42","-0.14"
"Dylan Windler","2023-24","NYK/LAL","Low Minute","16","SF","27","-0.58","-0.40","-0.19","0.00","65,626.00","-0.55","-0.33","-0.22"
"Keon Johnson","2023-24","BRK","Low Minute","21","SG","21","-0.58","-0.38","-0.20","0.00","85,195.00","-0.61","-0.52","-0.10"
"Stanley Umude","2023-24","DET","Stationary Shooter","155","SG","24","-0.58","-0.79","0.21","0.20","632,124.00","-0.06","-0.56","0.50"
"Admiral Schofield","2023-24","ORL","Low Minute","46","PF","26","-0.59","-0.45","-0.13","0.10","187,695.00","-0.58","-0.33","-0.25"
"Bol Bol","2023-24","PHO","Athletic Finisher","86","PF","24","-0.59","-0.50","-0.10","0.10","347,510.00","-0.66","-0.49","-0.16"
"Dalen Terry","2023-24","CHI","Stationary Shooter","311","SG","21","-0.59","-1.17","0.58","0.40","1,266,581.00","-1.00","-1.52","0.52"
"Jalen Wilson","2023-24","BRK","Athletic Finisher","102","PF","23","-0.59","-0.10","-0.50","0.10","412,429.00","-0.84","-0.49","-0.34"
"Javon Freeman-Liberty","2023-24","TOR","Low Minute","4","PG","24","-0.59","-0.54","-0.06","0.00","15,782.00","-0.58","-0.49","-0.10"
"Alex Fudge","2023-24","LAL","Low Minute","14","SF","20","-0.60","-0.37","-0.23","0.00","58,370.00","-0.49","-0.32","-0.18"
"Kelly Olynyk","2023-24","UTA","Stretch Big","963","C","32","-0.60","-0.51","-0.09","1.10","3,877,093.00","0.07","-0.33","0.40"
"Tyus Jones","2023-24","WAS","Primary Ball Handler","1,345","PG","27","-0.60","0.51","-1.11","1.60","5,438,209.00","-0.62","0.45","-1.07"
"Dennis Smith Jr.","2023-24","BRK","Secondary Ball Handler","627","PG","26","-0.62","-0.85","0.23","0.70","2,509,326.00","-0.37","-0.57","0.20"
"Jonathan Kuminga","2023-24","GSW","Athletic Finisher","1,043","PF","21","-0.63","-0.20","-0.43","1.20","4,134,567.00","-0.42","0.12","-0.54"
"Noah Clowney","2023-24","BRK","Low Minute","30","PF","19","-0.63","-0.46","-0.17","0.00","119,765.00","-0.65","-0.55","-0.09"
"Thaddeus Young","2023-24","TOR","Roll + Cut Big","277","PF","35","-0.63","-0.51","-0.12","0.30","1,098,724.00","-0.36","-0.63","0.26"
"TyTy Washington Jr.","2023-24","MIL","Low Minute","6","PG","22","-0.63","-0.14","-0.49","0.00","22,244.00","-0.54","-0.05","-0.49"
"Kyle Anderson","2023-24","MIN","Athletic Finisher","1,065","PF","30","-0.64","-1.90","1.27","1.20","4,210,417.00","-0.26","-1.37","1.12"
"Marvin Bagley III","2023-24","DET/WAS","Roll + Cut Big","671","C","24","-0.64","-0.41","-0.23","0.80","2,643,857.00","-0.75","-0.26","-0.49"
"Trendon Watford","2023-24","BRK","Slasher","388","PF","23","-0.64","-0.55","-0.09","0.40","1,529,475.00","-0.78","-0.83","0.04"
"A.J. Lawson","2023-24","DAL","Stationary Shooter","213","SG","23","-0.65","-0.34","-0.31","0.20","837,177.00","-1.14","-0.67","-0.47"
"Danilo Gallinari","2023-24","WAS/DET","Stretch Big","434","C","35","-0.65","-0.21","-0.44","0.50","1,706,757.00","-0.44","0.09","-0.53"
"Dariq Whitehead","2023-24","BRK","Low Minute","24","SF","19","-0.65","-0.46","-0.19","0.00","94,286.00","-0.61","-0.55","-0.06"
"Ausar Thompson","2023-24","DET","Athletic Finisher","1,103","SF","21","-0.66","-1.61","0.94","1.20","4,297,577.00","-1.57","-1.90","0.32"
"Thomas Bryant","2023-24","MIA","Roll + Cut Big","259","C","26","-0.66","-1.19","0.53","0.30","1,010,570.00","-0.69","-1.09","0.41"
"Colby Jones","2023-24","SAC","Movement Shooter","110","SG","21","-0.67","-0.78","0.12","0.10","429,741.00","-0.74","-0.77","0.02"
"OG Anunoby","2023-24","TOR/NYK","Stationary Shooter","1,401","SF","26","-0.67","-1.08","0.40","1.60","5,432,041.00","-0.71","-0.91","0.20"
"Dmytro Skapintsev","2023-24","NYK","Low Minute","2","C","25","-0.69","-0.42","-0.27","0.00","8,175.00","-0.70","-0.41","-0.29"
"Ron Harper Jr.","2023-24","TOR","Low Minute","4","PF","23","-0.69","-0.52","-0.17","0.00","13,987.00","-0.58","-0.49","-0.09"
"Tre Jones","2023-24","SAS","Primary Ball Handler","1,104","PG","24","-0.69","-0.03","-0.66","1.20","4,251,138.00","-1.42","-0.62","-0.80"
"Damian Jones","2023-24","CLE","Roll + Cut Big","125","C","28","-0.70","-0.78","0.08","0.10","478,114.00","-0.52","-0.61","0.09"
"Kaiser Gates","2023-24","NOP","Low Minute","7","SF","27","-0.70","-0.27","-0.43","0.00","28,388.00","-0.72","-0.28","-0.44"
"Luke Kennard","2023-24","MEM","Movement Shooter","517","SG","27","-0.70","0.31","-1.00","0.60","1,979,172.00","-0.70","0.00","-0.70"
"D'Moi Hodge","2023-24","LAL","Low Minute","41","SG","25","-0.71","-0.42","-0.29","0.00","156,997.00","-0.57","-0.37","-0.20"
"Markelle Fultz","2023-24","ORL","Roll + Cut Big","371","PG","25","-0.71","-1.07","0.36","0.40","1,411,961.00","-1.21","-1.31","0.09"
"Taylor Hendricks","2023-24","UTA","#N/A","181","PF","0","-0.71","-0.62","-0.09","0.20","690,385.00","-0.63","-0.60","-0.04"
"Deni Avdija","2023-24","WAS","Athletic Finisher","1,286","SF","23","-0.73","-0.99","0.25","1.40","4,819,077.00","-1.34","-0.92","-0.42"
"Ibou Badji","2023-24","POR","Roll + Cut Big","163","C","21","-0.73","-1.91","1.18","0.20","610,957.00","-0.52","-1.82","1.30"
"Jacob Toppin","2023-24","NYK","Low Minute","4","SF","23","-0.73","-0.47","-0.26","0.00","14,685.00","-0.70","-0.42","-0.28"
"Lindell Wigginton","2023-24","MIL","Low Minute","8","PG","25","-0.73","-0.15","-0.58","0.00","28,550.00","-0.55","-0.06","-0.50"
"E.J. Liddell","2023-24","NOP","Low Minute","23","PF","23","-0.74","-0.43","-0.31","0.00","86,247.00","-0.76","-0.39","-0.37"
"Harry Giles III","2023-24","BRK","Roll + Cut Big","73","C","25","-0.74","-0.38","-0.36","0.10","272,006.00","-0.79","-0.60","-0.19"
"Oshae Brissett","2023-24","BOS","Stretch Big","350","SF","25","-0.74","-0.29","-0.46","0.40","1,303,416.00","-1.31","-0.72","-0.59"
"Charlie Brown Jr.","2023-24","NYK","Low Minute","6","SG","26","-0.75","-0.49","-0.26","0.00","23,559.00","-0.71","-0.42","-0.29"
"Onyeka Okongwu","2023-24","ATL","Roll + Cut Big","1,135","C","23","-0.75","-0.89","0.14","1.20","4,213,417.00","-1.22","-1.30","0.08"
"Kelly Oubre Jr.","2023-24","PHI","Athletic Finisher","944","SF","28","-0.76","-0.41","-0.35","1.00","3,477,221.00","-0.67","-0.67","0.00"
"Armoni Brooks","2023-24","BRK","Off Screen Shooter","104","PG","25","-0.77","-0.14","-0.63","0.10","382,664.00","-1.02","-0.59","-0.44"
"Chimezie Metu","2023-24","PHO","Stretch Big","440","C","26","-0.78","-1.22","0.44","0.50","1,601,976.00","-0.58","-0.96","0.38"
"Obi Toppin","2023-24","IND","Stretch Big","1,113","PF","25","-0.78","-0.07","-0.71","1.20","4,053,764.00","-0.71","0.40","-1.11"
"Seth Lundy","2023-24","ATL","Movement Shooter","52","SF","23","-0.80","-0.90","0.10","0.10","187,820.00","-0.62","-0.71","0.09"
"Terry Rozier","2023-24","CHO/MIA","Primary Ball Handler","1,212","PG","29","-0.80","0.78","-1.58","1.30","4,366,365.00","0.14","1.49","-1.35"
"Tristan Thompson","2023-24","CLE","Roll + Cut Big","446","PF","32","-0.80","-0.70","-0.10","0.50","1,606,192.00","-0.78","-1.09","0.31"
"Landry Shamet","2023-24","WAS","Off Screen Shooter","449","SG","26","-0.81","0.52","-1.33","0.50","1,608,347.00","-1.24","0.03","-1.27"
"Harrison Barnes","2023-24","SAC","Stationary Shooter","1,372","PF","31","-0.82","-0.66","-0.16","1.40","4,881,328.00","-0.85","-0.55","-0.30"
"DaQuan Jeffries","2023-24","NYK","Low Minute","30","SG","26","-0.83","-0.59","-0.24","0.00","105,893.00","-0.84","-0.54","-0.30"
"Drew Eubanks","2023-24","PHO","Roll + Cut Big","678","C","26","-0.83","-1.63","0.80","0.70","2,394,420.00","-0.95","-1.74","0.79"
"Vince Williams Jr.","2023-24","MEM","Stationary Shooter","894","SG","23","-0.83","-1.44","0.61","0.90","3,159,993.00","-1.01","-1.91","0.90"
"Joe Ingles","2023-24","ORL","Secondary Ball Handler","613","SF","36","-0.85","-0.80","-0.04","0.60","2,145,917.00","-1.11","-1.34","0.22"
"Justin Minaya","2023-24","POR","Athletic Finisher","115","SF","24","-0.85","-1.26","0.41","0.10","402,670.00","-0.81","-1.13","0.32"
"Daishen Nix","2023-24","MIN","Low Minute","21","PG","21","-0.86","0.00","-0.86","0.00","73,783.00","-0.97","-0.12","-0.86"
"R.J. Hampton","2023-24","MIA","Stationary Shooter","76","PG","22","-0.86","-0.73","-0.13","0.10","264,072.00","-0.80","-0.82","0.03"
"Miles McBride","2023-24","NYK","Secondary Ball Handler","350","PG","23","-0.87","-0.28","-0.59","0.30","1,206,715.00","-0.77","-0.11","-0.66"
"Luka Garza","2023-24","MIN","Low Minute","28","C","25","-0.88","0.02","-0.90","0.00","97,387.00","-0.94","-0.03","-0.91"
"Richaun Holmes","2023-24","DAL","Roll + Cut Big","232","C","30","-0.88","-1.00","0.12","0.20","796,054.00","-0.85","-1.09","0.24"
"Keita Bates-Diop","2023-24","PHO","Athletic Finisher","580","SF","28","-0.90","-0.95","0.05","0.60","1,957,397.00","-0.94","-1.25","0.31"
"Mason Plumlee","2023-24","LAC","Roll + Cut Big","280","C","33","-0.90","-1.28","0.38","0.30","948,783.00","-0.76","-0.98","0.22"
"Rui Hachimura","2023-24","LAL","Stationary Shooter","799","PF","25","-0.90","-0.66","-0.24","0.80","2,701,045.00","-1.37","-0.87","-0.50"
"Derrick Jones Jr.","2023-24","DAL","Stationary Shooter","1,109","SF","26","-0.91","-0.74","-0.17","1.10","3,732,862.00","-0.73","-0.82","0.09"
"Gabe Vincent","2023-24","LAL","Secondary Ball Handler","127","PG","27","-0.92","-0.81","-0.11","0.10","425,576.00","-1.13","-0.79","-0.34"
"Quentin Grimes","2023-24","NYK","Movement Shooter","910","SG","23","-0.92","-0.58","-0.34","0.90","3,032,148.00","-0.87","-0.71","-0.16"
"Kenrich Williams","2023-24","OKC","Athletic Finisher","559","PF","29","-0.93","-0.80","-0.13","0.50","1,858,350.00","-1.45","-1.08","-0.37"
"Santi Aldama","2023-24","MEM","Stationary Shooter","857","PF","23","-0.93","-0.79","-0.14","0.80","2,847,698.00","-0.63","-1.06","0.43"
"Haywood Highsmith","2023-24","MIA","Stationary Shooter","720","PF","27","-0.94","-2.29","1.35","0.70","2,380,644.00","-1.21","-2.18","0.97"
"Josh Minott","2023-24","MIN","Low Minute","46","SF","21","-0.94","-0.23","-0.71","0.00","153,384.00","-0.99","-0.21","-0.79"
"Jacob Gilyard","2023-24","MEM","Stationary Shooter","482","PG","0","-0.95","-0.58","-0.36","0.50","1,583,531.00","-0.96","-0.91","-0.05"
"Jake LaRavia","2023-24","MEM","Movement Shooter","122","PF","22","-0.95","-0.49","-0.46","0.10","400,276.00","-0.98","-0.66","-0.32"
"Jabari Smith Jr.","2023-24","HOU","Stretch Big","1,325","PF","20","-0.96","-1.51","0.54","1.20","4,305,494.00","0.16","-0.89","1.05"
"Leonard Miller","2023-24","MIN","Low Minute","19","SF","20","-0.96","-0.22","-0.74","0.00","60,588.00","-0.88","-0.10","-0.78"
"Malik Beasley","2023-24","MIL","Movement Shooter","1,351","SG","27","-0.96","-0.48","-0.48","1.30","4,406,524.00","-0.57","-0.18","-0.39"
"Naji Marshall","2023-24","NOP","Stationary Shooter","725","SF","26","-0.96","-0.69","-0.27","0.70","2,362,989.00","-0.87","-0.67","-0.19"
"Jalen Hood-Schifino","2023-24","LAL","Secondary Ball Handler","90","SG","20","-0.97","-0.88","-0.09","0.10","292,013.00","-0.97","-0.79","-0.17"
"Joe Harris","2023-24","DET","Movement Shooter","158","SG","32","-0.97","-0.89","-0.09","0.10","509,977.00","-0.78","-0.85","0.07"
"Theo Maledon","2023-24","CHO","Stationary Shooter","200","PG","22","-0.98","-0.79","-0.20","0.20","641,386.00","-0.98","-0.94","-0.03"
"AJ Griffin","2023-24","ATL","Movement Shooter","133","SF","20","-0.99","-1.06","0.06","0.10","422,620.00","-1.14","-0.94","-0.21"
"Trevelin Queen","2023-24","ORL","Athletic Finisher","155","SG","26","-0.99","-0.97","-0.01","0.10","497,600.00","-0.54","-0.71","0.17"
"Bruce Brown","2023-24","IND/TOR","Secondary Ball Handler","1,155","SG","27","-1.01","-0.94","-0.07","1.10","3,635,302.00","-0.63","-0.38","-0.25"
"Nate Hinton","2023-24","HOU","Low Minute","34","SG","24","-1.01","-0.53","-0.48","0.00","108,245.00","-0.91","-0.45","-0.46"
"Ben Sheppard","2023-24","IND","Stationary Shooter","269","SG","22","-1.02","-0.76","-0.26","0.20","842,614.00","-1.46","-0.80","-0.66"
"Bradley Beal","2023-24","PHO","Secondary Ball Handler","795","SG","30","-1.02","-0.32","-0.70","0.70","2,494,015.00","-0.66","-0.02","-0.64"
"Torrey Craig","2023-24","CHI","Athletic Finisher","572","SF","33","-1.02","-0.95","-0.07","0.50","1,794,106.00","-1.75","-1.76","0.01"
"Trent Forrest","2023-24","ATL","Secondary Ball Handler","202","SG","25","-1.02","-1.22","0.20","0.20","634,660.00","-1.18","-1.35","0.16"
"Cody Zeller","2023-24","NOP","Roll + Cut Big","275","C","31","-1.04","-1.19","0.15","0.20","849,096.00","-1.28","-1.22","-0.06"
"Jabari Walker","2023-24","POR","Stretch Big","943","SF","21","-1.04","-1.26","0.22","0.80","2,905,730.00","-1.61","-1.78","0.17"
"Nate Williams","2023-24","HOU","Slasher","55","SG","24","-1.04","-0.43","-0.62","0.00","168,829.00","-1.09","-0.48","-0.62"
"Robin Lopez","2023-24","MIL","Low Minute","38","C","35","-1.04","-0.58","-0.46","0.00","117,200.00","-0.72","-0.24","-0.48"
"Blake Wesley","2023-24","SAS","Secondary Ball Handler","315","SG","20","-1.09","-1.43","0.33","0.30","935,125.00","-1.25","-1.42","0.16"
"Boban Marjanovic","2023-24","HOU","Low Minute","44","C","35","-1.09","-0.66","-0.43","0.00","130,896.00","-0.83","-0.38","-0.45"
"Dereon Seabron","2023-24","NOP","Athletic Finisher","52","SG","23","-1.09","-0.79","-0.30","0.00","156,509.00","-0.96","-0.60","-0.36"
"Devin Vassell","2023-24","SAS","Secondary Ball Handler","1,352","SG","23","-1.09","0.06","-1.15","1.20","4,026,671.00","-1.02","0.16","-1.18"
"Emoni Bates","2023-24","CLE","Movement Shooter","76","SF","20","-1.09","-0.63","-0.46","0.10","226,094.00","-0.62","-0.29","-0.33"
"Markieff Morris","2023-24","DAL","Stretch Big","150","PF","34","-1.11","-0.91","-0.20","0.10","440,658.00","-0.82","-0.70","-0.12"
"Ryan Arcidiacono","2023-24","NYK","Low Minute","45","PG","29","-1.11","-1.01","-0.10","0.00","132,165.00","-0.95","-0.75","-0.20"
"Braxton Key","2023-24","DEN","Low Minute","44","SF","26","-1.12","-0.67","-0.45","0.00","128,345.00","-1.14","-0.62","-0.52"
"Jermaine Samuels Jr.","2023-24","HOU","Low Minute","45","SF","25","-1.12","-0.66","-0.46","0.00","130,863.00","-0.95","-0.55","-0.39"
"Jay Huff","2023-24","DEN","Low Minute","17","C","25","-1.13","-0.72","-0.41","0.00","49,264.00","-1.18","-0.61","-0.57"
"Udoka Azubuike","2023-24","PHO","Roll + Cut Big","102","C","24","-1.13","-0.73","-0.40","0.10","293,974.00","-0.96","-0.82","-0.15"
"Cam Reddish","2023-24","LAL","Stationary Shooter","815","SF","24","-1.14","-2.28","1.14","0.70","2,347,066.00","-1.79","-2.28","0.48"
"Chris Livingston","2023-24","MIL","Athletic Finisher","59","SF","20","-1.14","-0.66","-0.48","0.00","170,383.00","-0.92","-0.52","-0.40"
"Julian Champagnie","2023-24","SAS","Movement Shooter","654","SF","22","-1.15","-1.56","0.41","0.50","1,866,402.00","-1.04","-1.36","0.32"
"Josh Giddey","2023-24","OKC","Secondary Ball Handler","1,165","SG","21","-1.16","-0.72","-0.44","1.00","3,292,553.00","0.73","0.45","0.28"
"Dorian Finney-Smith","2023-24","BRK","Stationary Shooter","1,211","PF","30","-1.17","-1.10","-0.07","1.00","3,398,377.00","-1.59","-1.39","-0.20"
"Norman Powell","2023-24","LAC","Movement Shooter","1,169","SG","30","-1.18","-0.19","-0.99","0.90","3,259,149.00","-0.96","-0.16","-0.80"
"Skylar Mays","2023-24","POR/LAL","Secondary Ball Handler","386","PG","26","-1.18","-0.30","-0.87","0.30","1,077,000.00","-0.72","-0.22","-0.50"
"Keldon Johnson","2023-24","SAS","Stationary Shooter","1,377","SF","24","-1.20","0.21","-1.41","1.10","3,765,540.00","-1.73","-0.53","-1.21"
"Davis Bertans","2023-24","OKC","Movement Shooter","91","PF","31","-1.22","-0.37","-0.85","0.10","245,576.00","-1.36","-0.31","-1.05"
"De'Andre Hunter","2023-24","ATL","Stationary Shooter","743","SF","0","-1.22","-1.31","0.10","0.60","2,011,709.00","-1.44","-1.21","-0.23"
"Julian Phillips","2023-24","CHI","Stationary Shooter","154","SF","20","-1.22","-1.09","-0.13","0.10","416,175.00","-1.24","-1.07","-0.17"
"Chuma Okeke","2023-24","ORL","Movement Shooter","368","SF","25","-1.23","-1.43","0.20","0.30","985,152.00","-1.46","-1.38","-0.09"
"Royce O'Neale","2023-24","BRK","Stationary Shooter","1,117","SF","30","-1.23","-1.68","0.44","0.90","2,978,372.00","-0.97","-1.35","0.39"
"Drew Peterson","2023-24","BOS","Low Minute","3","PF","24","-1.24","-0.28","-0.97","0.00","6,760.00","-1.24","-0.27","-0.97"
"Jaden Hardy","2023-24","DAL","Secondary Ball Handler","693","SG","21","-1.24","-0.17","-1.08","0.50","1,837,237.00","-1.64","-0.14","-1.49"
"Sasha Vezenkov","2023-24","SAC","Athletic Finisher","419","PF","28","-1.24","-1.21","-0.03","0.30","1,112,186.00","-0.90","-0.65","-0.25"
"Terry Taylor","2023-24","CHI","Athletic Finisher","128","PF","24","-1.24","-1.06","-0.18","0.10","339,744.00","-1.20","-1.05","-0.16"
"Christian Wood","2023-24","LAL","Stretch Big","782","PF","28","-1.25","-1.91","0.66","0.60","2,058,917.00","-0.57","-1.63","1.06"
"Wesley Matthews","2023-24","ATL","Movement Shooter","213","SG","37","-1.25","-1.52","0.26","0.20","559,633.00","-1.22","-1.63","0.41"
"Cade Cunningham","2023-24","DET","Primary Ball Handler","1,306","PG","22","-1.26","0.11","-1.37","1.00","3,411,813.00","-1.36","0.37","-1.74"
"Terquavion Smith","2023-24","PHI","Low Minute","24","PG","21","-1.26","-0.37","-0.88","0.00","63,451.00","-1.36","-0.39","-0.97"
"Wendell Moore Jr.","2023-24","MIN","Low Minute","37","SG","22","-1.26","-0.53","-0.72","0.00","95,614.00","-1.11","-0.37","-0.74"
"Tim Hardaway Jr.","2023-24","DAL","Movement Shooter","1,359","SF","31","-1.27","1.14","-2.41","1.00","3,518,274.00","-0.77","1.35","-2.12"
"Josh Richardson","2023-24","MIA","Movement Shooter","984","SG","30","-1.28","-1.27","-0.01","0.70","2,519,836.00","-1.43","-1.13","-0.30"
"Omer Yurtseven","2023-24","UTA","Roll + Cut Big","265","C","25","-1.28","-1.61","0.33","0.20","679,950.00","-0.99","-1.55","0.56"
"Grant Williams","2023-24","DAL","Stationary Shooter","1,169","PF","25","-1.29","-1.06","-0.23","0.90","2,969,308.00","-1.97","-1.53","-0.45"
"Jarred Vanderbilt","2023-24","LAL","Roll + Cut Big","565","PF","24","-1.32","-2.42","1.09","0.40","1,398,695.00","-1.61","-2.38","0.77"
"Patty Mills","2023-24","ATL","Movement Shooter","175","PG","35","-1.32","-1.16","-0.16","0.10","433,662.00","-1.42","-1.31","-0.11"
"JD Davison","2023-24","BOS","Low Minute","6","SG","21","-1.33","-0.33","-1.00","0.00","13,803.00","-1.25","-0.28","-0.97"
"Maxwell Lewis","2023-24","LAL","Secondary Ball Handler","66","SF","21","-1.33","-1.21","-0.13","0.00","162,928.00","-1.17","-0.98","-0.19"
"Moussa Diabate","2023-24","LAC","Roll + Cut Big","58","C","22","-1.33","-0.22","-1.11","0.00","142,268.00","-1.38","-0.39","-0.99"
"Daniel Theis","2023-24","IND/LAC","Roll + Cut Big","623","C","31","-1.34","-1.20","-0.14","0.40","1,525,158.00","-1.17","-1.50","0.34"
"Derrick Rose","2023-24","MEM","Secondary Ball Handler","304","PG","35","-1.34","-0.73","-0.62","0.20","741,305.00","-1.47","-0.69","-0.78"
"Hunter Tyson","2023-24","DEN","Low Minute","27","PF","23","-1.34","-0.82","-0.53","0.00","65,135.00","-1.24","-0.70","-0.54"
"Jordan Walsh","2023-24","BOS","Low Minute","6","SF","19","-1.34","-0.35","-0.99","0.00","15,362.00","-1.24","-0.29","-0.95"
"Otto Porter Jr.","2023-24","TOR","Stationary Shooter","174","SF","30","-1.34","-1.73","0.39","0.10","425,940.00","-1.34","-1.61","0.27"
"Javonte Smart","2023-24","PHI","Low Minute","1","PG","24","-1.36","-0.41","-0.95","0.00","1,595.00","-1.33","-0.40","-0.94"
"Gary Harris","2023-24","ORL","Movement Shooter","616","SG","29","-1.37","-0.93","-0.44","0.40","1,461,429.00","-1.42","-1.10","-0.32"
"Taj Gibson","2023-24","NYK","Roll + Cut Big","97","PF","38","-1.37","-1.54","0.17","0.10","231,310.00","-1.30","-1.37","0.07"
"Cody Martin","2023-24","CHO","Secondary Ball Handler","419","SF","28","-1.38","-2.14","0.76","0.30","981,619.00","-1.49","-1.95","0.46"
"Jock Landale","2023-24","HOU","Roll + Cut Big","249","C","28","-1.38","-1.11","-0.26","0.20","589,152.00","-1.63","-1.20","-0.43"
"Joshua Primo","2023-24","LAC","Low Minute","5","SG","21","-1.38","-0.47","-0.91","0.00","11,719.00","-1.23","-0.37","-0.86"
"Vasilije Micic","2023-24","OKC","Secondary Ball Handler","322","PG","30","-1.39","-0.63","-0.75","0.20","754,583.00","-2.00","-0.81","-1.19"
"Alec Burks","2023-24","DET","Secondary Ball Handler","832","SG","32","-1.40","0.29","-1.68","0.60","1,930,485.00","-0.77","0.79","-1.57"
"Jevon Carter","2023-24","CHI","Movement Shooter","647","PG","28","-1.41","-0.74","-0.67","0.40","1,480,678.00","-1.77","-0.98","-0.79"
"Cameron Payne","2023-24","MIL","Stationary Shooter","659","PG","29","-1.42","-0.24","-1.18","0.40","1,487,052.00","-0.75","0.17","-0.92"
"Peyton Watson","2023-24","DEN","Athletic Finisher","836","SF","21","-1.43","-2.25","0.82","0.50","1,886,002.00","-0.81","-1.66","0.85"
"Taurean Prince","2023-24","LAL","Stationary Shooter","1,393","PF","29","-1.44","-1.47","0.02","0.90","3,086,556.00","-1.74","-2.06","0.33"
"Andrew Nembhard","2023-24","IND","Primary Ball Handler","749","PG","24","-1.45","-0.62","-0.83","0.50","1,649,733.00","-1.88","-0.24","-1.64"
"Eric Gordon","2023-24","PHO","Stationary Shooter","1,212","SG","35","-1.45","-0.16","-1.29","0.80","2,665,234.00","-1.02","-0.18","-0.84"
"Simone Fontecchio","2023-24","UTA","Movement Shooter","1,084","SF","28","-1.45","-0.89","-0.55","0.70","2,398,029.00","-1.60","-1.00","-0.61"
"Kris Murray","2023-24","POR","Stationary Shooter","347","SF","23","-1.46","-1.95","0.49","0.20","753,879.00","-1.97","-2.04","0.07"
"Terance Mann","2023-24","LAC","Athletic Finisher","1,005","SG","27","-1.47","-0.94","-0.53","0.60","2,176,757.00","-1.30","-1.00","-0.30"
"Xavier Moon","2023-24","LAC","Low Minute","12","SG","29","-1.48","-0.55","-0.93","0.00","24,741.00","-1.24","-0.39","-0.85"
"Danny Green","2023-24","PHI","Low Minute","18","SG","36","-1.49","-0.61","-0.88","0.00","39,000.00","-1.45","-0.53","-0.91"
"Kira Lewis Jr.","2023-24","NOP/TOR","Secondary Ball Handler","145","PG","22","-1.49","-0.79","-0.70","0.10","308,095.00","-1.31","-0.61","-0.69"
"Lonnie Walker IV","2023-24","BRK","Secondary Ball Handler","548","SG","25","-1.49","-0.46","-1.03","0.30","1,159,004.00","-0.66","0.14","-0.81"
"Cory Joseph","2023-24","GSW","Movement Shooter","291","PG","32","-1.50","-1.62","0.12","0.20","609,795.00","-1.56","-1.48","-0.08"
"Jalen Pickett","2023-24","DEN","Secondary Ball Handler","97","SG","24","-1.50","-0.92","-0.58","0.10","203,053.00","-1.55","-0.94","-0.61"
"Patrick Williams","2023-24","CHI","Stationary Shooter","1,174","PF","22","-1.50","-1.27","-0.23","0.70","2,464,200.00","-1.64","-1.94","0.31"
"Jae'Sean Tate","2023-24","HOU","Athletic Finisher","799","SF","28","-1.51","-2.53","1.02","0.50","1,664,706.00","-2.41","-2.71","0.30"
"Miles Bridges","2023-24","CHO","Shot Creator","1,302","SF","25","-1.51","-0.93","-0.59","0.80","2,689,996.00","-1.41","-0.43","-0.97"
"Nickeil Alexander-Walker","2023-24","MIN","Stationary Shooter","1,105","SG","25","-1.51","-1.90","0.39","0.70","2,281,546.00","-0.70","-1.32","0.61"
"Deandre Ayton","2023-24","POR","Post Scorer","1,018","C","25","-1.52","-2.11","0.59","0.60","2,086,630.00","-1.58","-2.21","0.62"
"Jaden McDaniels","2023-24","MIN","Stationary Shooter","1,093","SF","23","-1.52","-2.03","0.51","0.60","2,245,499.00","-1.26","-1.86","0.60"
"Maxi Kleber","2023-24","DAL","Stretch Big","243","C","32","-1.52","-2.06","0.54","0.10","498,694.00","-1.64","-1.86","0.22"
"Ricky Council IV","2023-24","PHI","Low Minute","32","SG","22","-1.52","-0.60","-0.92","0.00","65,648.00","-1.51","-0.52","-0.99"
"Precious Achiuwa","2023-24","TOR/NYK","Athletic Finisher","727","C","24","-1.53","-1.15","-0.39","0.40","1,470,969.00","-0.97","-1.13","0.16"
"Tre Mann","2023-24","OKC","Secondary Ball Handler","119","PG","22","-1.53","-0.37","-1.16","0.10","243,502.00","-1.48","-0.24","-1.24"
"Dalano Banton","2023-24","BOS","Athletic Finisher","162","PG","24","-1.54","-0.70","-0.85","0.10","324,876.00","-1.61","-0.78","-0.83"
"Jaylen Nowell","2023-24","MEM","Secondary Ball Handler","156","SG","24","-1.54","-1.05","-0.49","0.10","313,771.00","-1.21","-0.84","-0.37"
"Luguentz Dort","2023-24","OKC","Movement Shooter","1,309","SF","24","-1.54","-1.46","-0.08","0.80","2,623,285.00","-0.17","-0.66","0.49"
"Nicolas Batum","2023-24","LAC/PHI","Athletic Finisher","846","PF","35","-1.54","-1.42","-0.13","0.50","1,691,850.00","-1.29","-1.69","0.40"
"Mike Muscala","2023-24","WAS/DET","Stretch Big","423","C","32","-1.55","-1.22","-0.33","0.20","837,031.00","-1.49","-1.27","-0.22"
"Pat Connaughton","2023-24","MIL","Stationary Shooter","873","SF","31","-1.55","-1.22","-0.33","0.50","1,734,124.00","-1.78","-1.27","-0.51"
"Jae Crowder","2023-24","MIL","Stationary Shooter","385","PF","33","-1.57","-1.49","-0.08","0.20","747,636.00","-1.82","-1.46","-0.36"
"Bojan Bogdanovic","2023-24","DET","Secondary Ball Handler","859","PF","34","-1.58","0.04","-1.62","0.50","1,646,971.00","-1.59","-0.11","-1.48"
"Jordan Hawkins","2023-24","NOP","Movement Shooter","932","SG","21","-1.58","-0.04","-1.53","0.50","1,800,371.00","-1.08","0.11","-1.19"
"Josh Green","2023-24","DAL","Stationary Shooter","940","SG","23","-1.58","-1.10","-0.49","0.50","1,799,079.00","-2.37","-1.66","-0.72"
"Trey Lyles","2023-24","SAC","Athletic Finisher","643","PF","28","-1.58","-1.47","-0.10","0.40","1,242,784.00","-1.06","-1.22","0.16"
"Jalen McDaniels","2023-24","TOR","Stationary Shooter","260","SF","26","-1.59","-1.20","-0.39","0.10","493,433.00","-1.45","-1.25","-0.20"
"Jalen Green","2023-24","HOU","Primary Ball Handler","1,450","SG","21","-1.60","-0.48","-1.12","0.80","2,724,588.00","0.24","0.47","-0.23"
"Lamar Stevens","2023-24","BOS","Athletic Finisher","115","PF","26","-1.60","-0.86","-0.74","0.10","216,834.00","-1.61","-0.85","-0.76"
"Olivier Sarr","2023-24","OKC","Stretch Big","73","C","0","-1.60","-0.88","-0.72","0.00","138,458.00","-1.48","-0.69","-0.79"
"AJ Green","2023-24","MIL","Stationary Shooter","210","SG","24","-1.61","-0.31","-1.30","0.10","389,881.00","-0.99","0.08","-1.08"
"Zach Collins","2023-24","SAS","Versatile Big","913","C","26","-1.61","-1.27","-0.34","0.50","1,700,609.00","-1.69","-1.15","-0.54"
"Gordon Hayward","2023-24","CHO","Secondary Ball Handler","798","SF","33","-1.62","-1.15","-0.47","0.40","1,474,233.00","-1.37","-1.08","-0.29"
"Julian Strawther","2023-24","DEN","Off Screen Shooter","458","SF","21","-1.62","-0.68","-0.94","0.20","843,364.00","-1.37","-0.54","-0.83"
"Jordan Miller","2023-24","LAC","Low Minute","16","SF","24","-1.63","-0.55","-1.08","0.00","29,125.00","-1.32","-0.45","-0.88"
"Jordan Clarkson","2023-24","UTA","Shot Creator","1,170","SG","31","-1.65","0.54","-2.19","0.60","2,079,138.00","-1.60","0.53","-2.14"
"Marcus Sasser","2023-24","DET","Secondary Ball Handler","647","PG","23","-1.65","-0.54","-1.11","0.30","1,147,199.00","-1.20","-0.48","-0.73"
"Saddiq Bey","2023-24","ATL","Athletic Finisher","1,535","SF","24","-1.65","0.29","-1.94","0.80","2,711,790.00","-1.65","-0.22","-1.43"
"Svi Mykhailiuk","2023-24","BOS","Movement Shooter","161","SF","26","-1.66","-0.32","-1.34","0.10","282,405.00","-1.67","-0.35","-1.32"
"Aaron Wiggins","2023-24","OKC","Stretch Big","608","SG","25","-1.67","-0.94","-0.73","0.30","1,045,915.00","-1.90","-1.16","-0.74"
"Georges Niang","2023-24","CLE","Movement Shooter","996","PF","30","-1.67","-1.04","-0.63","0.50","1,723,180.00","-0.90","-0.93","0.02"
"Jeremiah Robinson-Earl","2023-24","NOP","Stretch Big","205","PF","23","-1.68","-1.44","-0.24","0.10","349,831.00","-1.27","-1.01","-0.26"
"Aleksej Pokusevski","2023-24","OKC","Movement Shooter","48","PF","22","-1.69","-0.54","-1.15","0.00","80,891.00","-1.51","-0.39","-1.13"
"Cam Thomas","2023-24","BRK","Shot Creator","1,100","SG","22","-1.69","0.21","-1.90","0.50","1,863,579.00","-0.99","0.58","-1.57"
"Keyontae Johnson","2023-24","OKC","Secondary Ball Handler","48","SF","23","-1.70","-0.63","-1.07","0.00","79,051.00","-1.70","-0.51","-1.19"
"Ayo Dosunmu","2023-24","CHI","Stationary Shooter","1,142","SG","24","-1.71","-1.07","-0.64","0.50","1,877,042.00","-1.76","-1.49","-0.28"
"Toumani Camara","2023-24","POR","Stretch Big","1,111","PF","23","-1.71","-2.10","0.39","0.50","1,821,746.00","-2.95","-2.97","0.02"
"Chris Duarte","2023-24","SAC","Movement Shooter","461","SF","26","-1.73","-2.08","0.35","0.20","742,867.00","-1.91","-2.09","0.18"
"Marcus Morris Sr.","2023-24","PHI","Stretch Big","594","PF","34","-1.75","-1.05","-0.71","0.30","922,066.00","-1.97","-1.46","-0.51"
"Thanasis Antetokounmpo","2023-24","MIL","Post Scorer","77","PF","31","-1.75","-1.23","-0.52","0.00","120,909.00","-1.23","-0.83","-0.40"
"Christian Braun","2023-24","DEN","Stationary Shooter","923","SG","22","-1.76","-1.36","-0.39","0.40","1,429,086.00","-1.47","-1.37","-0.10"
"Isaiah Stewart","2023-24","DET","Stretch Big","1,070","PF","22","-1.76","-2.03","0.27","0.50","1,640,622.00","-2.16","-1.81","-0.35"
"Kyle Kuzma","2023-24","WAS","Secondary Ball Handler","1,475","PF","28","-1.77","0.36","-2.14","0.60","2,221,570.00","-1.77","0.40","-2.17"
"Aaron Holiday","2023-24","HOU","Secondary Ball Handler","755","PG","27","-1.78","-1.52","-0.26","0.30","1,128,381.00","-2.26","-1.60","-0.66"
"Jaden Springer","2023-24","PHI","Athletic Finisher","288","SG","21","-1.78","-1.84","0.05","0.10","428,648.00","-2.11","-1.76","-0.35"
"Troy Brown Jr.","2023-24","MIN","Movement Shooter","406","SF","24","-1.78","-0.41","-1.37","0.20","609,769.00","-1.36","-0.48","-0.88"
"Collin Gillespie","2023-24","DEN","Secondary Ball Handler","97","PG","24","-1.81","-1.20","-0.60","0.00","139,222.00","-1.76","-1.16","-0.60"
"Jaden Ivey","2023-24","DET","Secondary Ball Handler","1,149","SG","21","-1.82","-0.44","-1.38","0.50","1,618,433.00","-2.06","-0.66","-1.40"
"Nassir Little","2023-24","PHO","Stationary Shooter","375","SF","23","-1.82","-1.52","-0.30","0.20","531,739.00","-1.78","-1.57","-0.20"
"Justin Holiday","2023-24","DEN","Movement Shooter","349","SG","34","-1.83","-1.95","0.12","0.10","482,727.00","-2.54","-2.31","-0.23"
"Lindy Waters III","2023-24","OKC","Movement Shooter","130","SG","26","-1.83","-0.56","-1.26","0.10","181,626.00","-1.47","-0.27","-1.20"
"Reggie Jackson","2023-24","DEN","Primary Ball Handler","1,133","PG","33","-1.85","-0.45","-1.40","0.40","1,520,243.00","-1.22","-0.17","-1.05"
"Nick Richards","2023-24","CHO","Roll + Cut Big","930","C","26","-1.89","-2.04","0.15","0.30","1,180,022.00","-1.23","-1.90","0.67"
"Reggie Bullock Jr.","2023-24","HOU","Movement Shooter","166","SF","32","-1.90","-1.38","-0.52","0.10","205,306.00","-1.54","-1.11","-0.43"
"Malachi Flynn","2023-24","TOR/NYK","Secondary Ball Handler","513","PG","25","-1.92","-1.53","-0.39","0.20","616,005.00","-1.64","-1.41","-0.23"
"Bismack Biyombo","2023-24","MEM","Roll + Cut Big","718","C","31","-1.93","-3.35","1.42","0.20","850,009.00","-1.62","-3.49","1.86"
"Seth Curry","2023-24","DAL","Movement Shooter","457","SG","33","-1.94","-1.30","-0.64","0.20","528,487.00","-2.08","-1.25","-0.83"
"Matisse Thybulle","2023-24","POR","Stationary Shooter","1,042","SF","26","-1.95","-2.90","0.94","0.30","1,168,751.00","-1.83","-2.79","0.95"
"Ousmane Dieng","2023-24","OKC","Stationary Shooter","258","PF","20","-1.95","-0.44","-1.51","0.10","291,260.00","-2.25","-0.67","-1.58"
"Andrew Wiggins","2023-24","GSW","Athletic Finisher","1,088","SF","28","-1.96","-1.06","-0.89","0.40","1,216,938.00","-1.83","-0.99","-0.84"
"Kevin Knox II","2023-24","DET","Stationary Shooter","529","SF","24","-2.01","-1.66","-0.34","0.20","533,793.00","-2.38","-1.61","-0.76"
"Killian Hayes","2023-24","DET","Primary Ball Handler","979","PG","22","-2.01","-2.28","0.27","0.30","992,622.00","-1.41","-1.49","0.08"
"Shake Milton","2023-24","MIN","Secondary Ball Handler","486","SG","27","-2.03","-1.72","-0.30","0.10","471,380.00","-2.11","-1.56","-0.55"
"Keyonte George","2023-24","UTA","Primary Ball Handler","1,040","PG","20","-2.06","-0.43","-1.62","0.30","941,051.00","-1.23","0.25","-1.48"
"Furkan Korkmaz","2023-24","PHI","Secondary Ball Handler","239","SG","26","-2.09","-1.49","-0.60","0.10","199,581.00","-2.31","-1.46","-0.86"
"Dillon Brooks","2023-24","HOU","Stationary Shooter","1,193","SF","28","-2.12","-2.09","-0.03","0.30","909,375.00","-1.79","-1.64","-0.15"
"Brandon Boston Jr.","2023-24","LAC","Secondary Ball Handler","99","SF","22","-2.17","-0.79","-1.38","0.00","64,800.00","-1.72","-0.64","-1.08"
"Cason Wallace","2023-24","OKC","Stationary Shooter","1,011","SG","20","-2.17","-2.02","-0.16","0.20","663,855.00","-1.47","-1.34","-0.13"
"Jerami Grant","2023-24","POR","Shot Creator","1,443","PF","29","-2.19","-0.41","-1.78","0.30","900,897.00","-1.56","-0.54","-1.02"
"P.J. Washington","2023-24","CHO","Stretch Big","1,162","PF","25","-2.24","-1.10","-1.14","0.20","595,721.00","-2.34","-1.23","-1.11"
"Zeke Nnaji","2023-24","DEN","Roll + Cut Big","347","PF","23","-2.26","-2.42","0.16","0.00","162,268.00","-1.91","-2.17","0.26"
"Davion Mitchell","2023-24","SAC","Secondary Ball Handler","451","PG","25","-2.28","-1.95","-0.34","0.10","188,389.00","-2.23","-1.62","-0.61"
"James Wiseman","2023-24","DET","Roll + Cut Big","424","C","22","-2.30","-2.31","0.01","0.00","164,892.00","-1.52","-2.11","0.59"
"P.J. Tucker","2023-24","PHI/LAC","Athletic Finisher","239","PF","38","-2.34","-1.73","-0.61","0.00","72,247.00","-2.23","-1.55","-0.67"
"Jordan Poole","2023-24","WAS","Primary Ball Handler","1,315","SG","24","-2.36","-0.73","-1.63","0.10","328,671.00","-2.73","-0.76","-1.97"
"Shaedon Sharpe","2023-24","POR","Secondary Ball Handler","1,059","SG","20","-2.36","-1.19","-1.16","0.10","281,884.00","-2.51","-1.53","-0.98"
"Ziaire Williams","2023-24","MEM","Stationary Shooter","828","SF","22","-2.36","-1.72","-0.64","0.10","209,895.00","-2.34","-2.07","-0.27"
"Jeff Green","2023-24","HOU","Stretch Big","748","PF","37","-2.37","-1.55","-0.82","0.00","171,608.00","-2.33","-2.02","-0.31"
"Cedi Osman","2023-24","SAS","Stationary Shooter","872","SF","28","-2.42","-1.42","-1.00","0.00","115,848.00","-1.99","-1.30","-0.68"
"Matt Ryan","2023-24","NOP","Movement Shooter","298","SF","26","-2.47","-1.59","-0.88","0.00","8,555.00","-2.46","-1.38","-1.08"
"Gary Trent Jr.","2023-24","TOR","Movement Shooter","1,095","SG","25","-2.49","-1.08","-1.41","0.00","-26,922.00","-2.10","-0.81","-1.29"
"Jericho Sims","2023-24","NYK","Roll + Cut Big","214","C","25","-2.49","-2.61","0.12","0.00","-3,871.00","-1.67","-2.17","0.49"
"Caleb Houstan","2023-24","ORL","Movement Shooter","562","SF","21","-2.55","-1.11","-1.44","0.00","-81,786.00","-2.04","-1.02","-1.02"
"Ochai Agbaji","2023-24","UTA","Movement Shooter","976","SG","23","-2.59","-1.98","-0.61","-0.10","-222,396.00","-2.39","-2.23","-0.16"
"Andre Jackson Jr.","2023-24","MIL","Stretch Big","449","SG","22","-2.62","-2.38","-0.25","0.00","-135,985.00","-2.74","-2.30","-0.44"
"Nathan Mensah","2023-24","CHO","Roll + Cut Big","275","C","25","-2.65","-4.12","1.46","0.00","-98,136.00","-2.25","-3.51","1.26"
"Gradey Dick","2023-24","TOR","Movement Shooter","355","SG","20","-2.70","-1.40","-1.30","0.00","-160,993.00","-2.59","-1.71","-0.88"
"Danuel House Jr.","2023-24","PHI","Movement Shooter","458","SF","30","-2.73","-2.17","-0.55","-0.10","-235,534.00","-3.20","-2.38","-0.82"
"Bennedict Mathurin","2023-24","IND","Secondary Ball Handler","1,200","SF","21","-2.79","-0.78","-2.01","-0.20","-784,255.00","-1.76","0.31","-2.06"
"Jaxson Hayes","2023-24","LAL","Roll + Cut Big","379","C","23","-2.81","-3.95","1.14","-0.10","-260,264.00","-2.51","-3.57","1.06"
"Jeremy Sochan","2023-24","SAS","Athletic Finisher","1,416","PF","20","-2.82","-2.09","-0.74","-0.30","-1,020,220.00","-2.69","-2.07","-0.62"
"Anthony Black","2023-24","ORL","Athletic Finisher","874","PG","20","-2.84","-3.51","0.66","-0.20","-667,489.00","-2.00","-2.76","0.76"
"Bones Hyland","2023-24","LAC","Shot Creator","251","PG","23","-2.91","-1.03","-1.88","-0.10","-225,966.00","-1.89","-0.27","-1.62"
"KJ Martin","2023-24","LAC/PHI","Slasher","257","SF","23","-2.93","-2.49","-0.44","-0.10","-243,851.00","-3.23","-2.63","-0.61"
"Yuta Watanabe","2023-24","PHO","Movement Shooter","374","SF","29","-2.95","-1.81","-1.14","-0.10","-370,671.00","-2.77","-2.04","-0.74"
"David Roddy","2023-24","MEM","Stationary Shooter","1,014","PF","22","-3.02","-2.46","-0.56","-0.30","-1,142,891.00","-2.91","-2.51","-0.40"
"Bilal Coulibaly","2023-24","WAS","Stationary Shooter","1,227","SF","19","-3.04","-2.56","-0.47","-0.40","-1,436,333.00","-3.55","-2.83","-0.73"
"Max Christie","2023-24","LAL","Stationary Shooter","658","SG","20","-3.05","-3.05","0.00","-0.20","-794,009.00","-2.70","-2.79","0.09"
"JT Thor","2023-24","CHO","Athletic Finisher","532","PF","21","-3.08","-2.83","-0.25","-0.20","-666,818.00","-3.15","-2.92","-0.23"
"Kobe Brown","2023-24","LAC","Stationary Shooter","268","PF","24","-3.10","-2.11","-0.99","-0.10","-349,141.00","-2.51","-1.96","-0.55"
"Brandon Miller","2023-24","CHO","Secondary Ball Handler","1,239","SF","21","-3.34","-1.40","-1.94","-0.60","-2,242,586.00","-3.38","-1.67","-1.72"
"Corey Kispert","2023-24","WAS","Off Screen Shooter","997","SF","24","-3.34","-0.69","-2.64","-0.50","-1,791,684.00","-2.92","-0.53","-2.39"
"Garrison Mathews","2023-24","ATL","Movement Shooter","417","SG","27","-3.36","-3.16","-0.20","-0.20","-769,976.00","-3.29","-2.79","-0.50"
"Doug McDermott","2023-24","SAS","Off Screen Shooter","658","SF","32","-3.39","-1.18","-2.21","-0.40","-1,248,190.00","-2.78","-1.18","-1.60"
"MarJon Beauchamp","2023-24","MIL","Athletic Finisher","540","SF","23","-3.40","-2.53","-0.87","-0.30","-1,044,360.00","-2.84","-2.21","-0.64"
"Amir Coffey","2023-24","LAC","Stationary Shooter","565","SF","26","-3.41","-1.97","-1.44","-0.30","-1,102,950.00","-3.14","-2.17","-0.97"
"Isaiah Livers","2023-24","DET","Stationary Shooter","469","PF","25","-3.42","-2.54","-0.88","-0.30","-921,103.00","-2.89","-2.32","-0.57"
"Scoot Henderson","2023-24","POR","Primary Ball Handler","1,024","PG","19","-3.60","-1.74","-1.86","-0.70","-2,391,367.00","-3.89","-2.22","-1.66"
"Ish Smith","2023-24","CHO","Primary Ball Handler","649","PG","35","-3.65","-3.25","-0.40","-0.50","-1,591,871.00","-3.91","-3.26","-0.66"
"Nick Smith Jr.","2023-24","CHO","Movement Shooter","468","SG","19","-3.76","-2.37","-1.39","-0.40","-1,250,930.00","-3.34","-1.81","-1.54"
"Bryce McGowens","2023-24","CHO","Movement Shooter","592","SG","21","-3.87","-2.95","-0.92","-0.50","-1,709,516.00","-3.37","-2.48","-0.90"
"Malaki Branham","2023-24","SAS","Secondary Ball Handler","895","PG","20","-4.23","-2.57","-1.67","-0.90","-3,257,245.00","-3.64","-2.27","-1.38"
"","Season","Team","Offensive Archetype","Minutes","Pos","Age","","","","WAR","LEBRON Contract Value","","",""